"sample","filename","pair","SB","code"
"27-MBovis","/storage/btbgenie/mbovis_ireland/Wicklow/Fastqs_09-07-18/27-MBovis_S3_L001-4_R2_001.fastq.gz",1,"SB0054",1.10010100000111E+042
"182-MBovis","/storage/btbgenie/mbovis_ireland/Wicklow/Fastqs_09-07-18/182-MBovis_S4_L001-4_R1_001.fastq.gz",1,"SB0263",1.10110100000111E+042
"24-MBovis","/storage/btbgenie/mbovis_ireland/Wicklow/Fastqs_09-07-18/24-MBovis_S2_L001-4_R2_001.fastq.gz",1,"SB0054",1.10010100000111E+042
"35-MBovis","/storage/btbgenie/mbovis_ireland/Wicklow/Fastqs_09-07-18/35-MBovis_S30_L001-4_R2_001.fastq.gz",1,"SB0054",1.10010100000111E+042
"54-MBovis","/storage/btbgenie/mbovis_ireland/Wicklow/Fastqs_09-07-18/54-MBovis_S24_L001-4_R2_001.fastq.gz",1,"SB0054",1.10010100000111E+042
"43-MBovis","/storage/btbgenie/mbovis_ireland/Wicklow/Fastqs_09-07-18/43-MBovis_S11_L001-4_R2_001.fastq.gz",1,"SB0054",1.10010100000111E+042
"48-MBovis","/storage/btbgenie/mbovis_ireland/Wicklow/Fastqs_09-07-18/48-MBovis_S17_L001-4_R2_001.fastq.gz",1,"SB0054",1.10010100000111E+042
"49-MBovis","/storage/btbgenie/mbovis_ireland/Wicklow/Fastqs_09-07-18/49-MBovis_S40_L001-4_R1_001.fastq.gz",1,"SB0054",1.10010100000111E+042
"25-MBovis","/storage/btbgenie/mbovis_ireland/Wicklow/Fastqs_09-07-18/25-MBovis_S1_L001-4_R2_001.fastq.gz",1,"SB0054",1.10010100000111E+042
"36-MBovis","/storage/btbgenie/mbovis_ireland/Wicklow/Fastqs_09-07-18/36-MBovis_S38_L001-4_R1_001.fastq.gz",1,"SB0054",1.10010100000111E+042
"41-MBovis","/storage/btbgenie/mbovis_ireland/Wicklow/Fastqs_09-07-18/41-MBovis_S39_L001-4_R1_001.fastq.gz",1,"SB0054",1.10010100000111E+042
"38-MBovis","/storage/btbgenie/mbovis_ireland/Wicklow/Fastqs_09-07-18/38-MBovis_S34_L001-4_R1_001.fastq.gz",1,"SB0054",1.10010100000111E+042
"23-MBovis","/storage/btbgenie/mbovis_ireland/Wicklow/Fastqs_09-07-18/23-MBovis_S26_L001-4_R1_001.fastq.gz",1,"SB0054",1.10010100000111E+042
"14-MBovis","/storage/btbgenie/mbovis_ireland/Wicklow/Fastqs_09-07-18/14-MBovis_S21_L001-4_R1_001.fastq.gz",1,"SB0054",1.10010100000111E+042
"47-MBovis","/storage/btbgenie/mbovis_ireland/Wicklow/Fastqs_09-07-18/47-MBovis_S8_L001-4_R1_001.fastq.gz",1,"SB0054",1.10010100000111E+042
"39-MBovis","/storage/btbgenie/mbovis_ireland/Wicklow/Fastqs_09-07-18/39-MBovis_S27_L001-4_R1_001.fastq.gz",1,,1.10010100000111E+042
"50-MBovis","/storage/btbgenie/mbovis_ireland/Wicklow/Fastqs_09-07-18/50-MBovis_S23_L001-4_R1_001.fastq.gz",1,"SB0054",1.10010100000111E+042
"29-MBovis","/storage/btbgenie/mbovis_ireland/Wicklow/Fastqs_09-07-18/29-MBovis_S37_L001-4_R1_001.fastq.gz",1,"SB0054",1.10010100000111E+042
"59-MBovis","/storage/btbgenie/mbovis_ireland/Wicklow/Fastqs_09-07-18/59-MBovis_S33_L001-4_R2_001.fastq.gz",1,"SB0054",1.10010100000111E+042
"30-MBovis","/storage/btbgenie/mbovis_ireland/Wicklow/Fastqs_09-07-18/30-MBovis_S41_L001-4_R2_001.fastq.gz",1,"SB0054",1.10010100000111E+042
"44-MBovis","/storage/btbgenie/mbovis_ireland/Wicklow/Fastqs_09-07-18/44-MBovis_S16_L001-4_R1_001.fastq.gz",1,"SB0054",1.10010100000111E+042
"45-MBovis","/storage/btbgenie/mbovis_ireland/Wicklow/Fastqs_09-07-18/45-MBovis_S22_L001-4_R1_001.fastq.gz",1,"SB0054",1.10010100000111E+042
"42-MBovis","/storage/btbgenie/mbovis_ireland/Wicklow/Fastqs_09-07-18/42-MBovis_S28_L001-4_R1_001.fastq.gz",1,"SB0054",1.10010100000111E+042
"51-MBovis","/storage/btbgenie/mbovis_ireland/Wicklow/Fastqs_09-07-18/51-MBovis_S46_L001-4_R1_001.fastq.gz",1,"SB0054",1.10010100000111E+042
"161-MBovis","/storage/btbgenie/mbovis_ireland/Wicklow/Fastqs_09-07-18/161-MBovis_S29_L001-4_R1_001.fastq.gz",1,"SB0273",1.10110100000111E+042
"37-MBovis","/storage/btbgenie/mbovis_ireland/Wicklow/Fastqs_09-07-18/37-MBovis_S6_L001-4_R1_001.fastq.gz",1,"SB0054",1.10010100000111E+042
"56-MBovis","/storage/btbgenie/mbovis_ireland/Wicklow/Fastqs_09-07-18/56-MBovis_S13_L001-4_R2_001.fastq.gz",1,"SB0054",1.10010100000111E+042
"3-10110","/storage/btbgenie/mbovis_ireland/Wicklow/Fastqs_15-03-19/3-10110_S39_L001-4_R1_001.fastq.gz",1,"SB0054",1.10010100000111E+042
"19-11957","/storage/btbgenie/mbovis_ireland/Wicklow/Fastqs_15-03-19/19-11957_S38_L001-4_R1_001.fastq.gz",1,"SB0054",1.10010100000111E+042
"15-11643","/storage/btbgenie/mbovis_ireland/Wicklow/Fastqs_15-03-19/15-11643_S67_L001-4_R2_001.fastq.gz",1,"SB0054",1.10010100000111E+042
"7-10423","/storage/btbgenie/mbovis_ireland/Wicklow/Fastqs_15-03-19/7-10423_S73_L001-4_R2_001.fastq.gz",1,"SB0054",1.10010100000111E+042
"17-11662","/storage/btbgenie/mbovis_ireland/Wicklow/Fastqs_15-03-19/17-11662_S11_L001-4_R2_001.fastq.gz",1,"SB0054",1.10010100000111E+042
"22-12200","/storage/btbgenie/mbovis_ireland/Wicklow/Fastqs_15-03-19/22-12200_S30_L001-4_R1_001.fastq.gz",1,"SB0054",1.10010100000111E+042
"48-2919","/storage/btbgenie/mbovis_ireland/Wicklow/Fastqs_15-03-19/48-2919_S59_L001-4_R1_001.fastq.gz",1,"SB0054",1.10010100000111E+042
"41-2165","/storage/btbgenie/mbovis_ireland/Wicklow/Fastqs_15-03-19/41-2165_S91_L001-4_R2_001.fastq.gz",1,"SB0054",1.10010100000111E+042
"52-3698","/storage/btbgenie/mbovis_ireland/Wicklow/Fastqs_15-03-19/52-3698_S46_L001-4_R1_001.fastq.gz",1,"SB0054",1.10010100000111E+042
"51-3292","/storage/btbgenie/mbovis_ireland/Wicklow/Fastqs_15-03-19/51-3292_S37_L001-4_R1_001.fastq.gz",1,"SB0054",1.10010100000111E+042
"31-12952","/storage/btbgenie/mbovis_ireland/Wicklow/Fastqs_15-03-19/31-12952_S34_L001-4_R2_001.fastq.gz",1,"SB0054",1.10010100000111E+042
"13-11594","/storage/btbgenie/mbovis_ireland/Wicklow/Fastqs_15-03-19/13-11594_S85_L001-4_R1_001.fastq.gz",1,"SB0054",1.10010100000111E+042
"55-4348","/storage/btbgenie/mbovis_ireland/Wicklow/Fastqs_15-03-19/55-4348_S28_L001-4_R1_001.fastq.gz",1,"SB0054",1.10010100000111E+042
"5-10284","/storage/btbgenie/mbovis_ireland/Wicklow/Fastqs_15-03-19/5-10284_S52_L001-4_R2_001.fastq.gz",1,"SB0054",1.10010100000111E+042
"59-6110","/storage/btbgenie/mbovis_ireland/Wicklow/Fastqs_15-03-19/59-6110_S65_L001-4_R1_001.fastq.gz",1,"SB0054",1.10010100000111E+042
"28-12935","/storage/btbgenie/mbovis_ireland/Wicklow/Fastqs_15-03-19/28-12935_S66_L001-4_R2_001.fastq.gz",1,"SB0054",1.10010100000111E+042
"26-12883","/storage/btbgenie/mbovis_ireland/Wicklow/Fastqs_15-03-19/26-12883_S29_L001-4_R1_001.fastq.gz",1,"SB0054",1.10010100000111E+042
"17-MBovis","/storage/btbgenie/mbovis_ireland/Wicklow/Fastqs_07-01-18/17-MBovis_S21_L001-4_R1_001.fastq.gz",1,"SB0054",1.10010100000111E+042
"26-MBovis","/storage/btbgenie/mbovis_ireland/Wicklow/Fastqs_07-01-18/26-MBovis_S43_L001-4_R1_001.fastq.gz",1,"SB0054",1.10010100000111E+042
"19-MBovis","/storage/btbgenie/mbovis_ireland/Wicklow/Fastqs_07-01-18/19-MBovis_S32_L001-4_R1_001.fastq.gz",1,"SB0054",1.10010100000111E+042
"19-5224","/storage/btbgenie/mbovis_ireland/Monaghan/Fastqs_16-12-19/19-5224_S37_L001-4_R2_001.fastq.gz",1,"SB0142",1.10110100000111E+042
"19-4168","/storage/btbgenie/mbovis_ireland/Monaghan/Fastqs_16-12-19/19-4168_S66_L001-4_R2_001.fastq.gz",1,"SB0140",1.10110100000111E+042
"19-8294","/storage/btbgenie/mbovis_ireland/Monaghan/Fastqs_16-12-19/19-8294_S40_L001-4_R1_001.fastq.gz",1,"SB0140",1.10110100000111E+042
"19-7319","/storage/btbgenie/mbovis_ireland/Monaghan/Fastqs_16-12-19/19-7319_S58_L001-4_R2_001.fastq.gz",1,"SB0142",1.10110100000111E+042
"19-1469","/storage/btbgenie/mbovis_ireland/Monaghan/Fastqs_16-12-19/19-1469_S35_L001-4_R1_001.fastq.gz",1,"SB0140",1.10110100000111E+042
"19-5771","/storage/btbgenie/mbovis_ireland/Monaghan/Fastqs_16-12-19/19-5771_S27_L001-4_R1_001.fastq.gz",1,"SB0140",1.10110100000111E+042
"19-6246","/storage/btbgenie/mbovis_ireland/Monaghan/Fastqs_16-12-19/19-6246_S45_L001-4_R2_001.fastq.gz",1,"SB0140",1.10110100000111E+042
"19-578","/storage/btbgenie/mbovis_ireland/Monaghan/Fastqs_16-12-19/19-578_S71_L001-4_R1_001.fastq.gz",1,"SB0140",1.10110100000111E+042
"19-7512","/storage/btbgenie/mbovis_ireland/Monaghan/Fastqs_16-12-19/19-7512_S89_L001-4_R1_001.fastq.gz",1,"SB0140",1.10110100000111E+042
"19-6311","/storage/btbgenie/mbovis_ireland/Monaghan/Fastqs_16-12-19/19-6311_S82_L001-4_R2_001.fastq.gz",1,"SB0980",1.10110100000011E+042
"19-4161","/storage/btbgenie/mbovis_ireland/Monaghan/Fastqs_16-12-19/19-4161_S1_L001-4_R1_001.fastq.gz",1,"SB0142",1.10110100000111E+042
"19-4022","/storage/btbgenie/mbovis_ireland/Monaghan/Fastqs_16-12-19/19-4022_S15_L001-4_R1_001.fastq.gz",1,"SB0140",1.10110100000111E+042
"19-6321","/storage/btbgenie/mbovis_ireland/Monaghan/Fastqs_16-12-19/19-6321_S38_L001-4_R1_001.fastq.gz",1,"SB0142",1.10110100000111E+042
"19-6359","/storage/btbgenie/mbovis_ireland/Monaghan/Fastqs_16-12-19/19-6359_S76_L001-4_R2_001.fastq.gz",1,"SB0140",1.10110100000111E+042
"19-7517","/storage/btbgenie/mbovis_ireland/Monaghan/Fastqs_16-12-19/19-7517_S73_L001-4_R1_001.fastq.gz",1,"SB0142",1.10110100000111E+042
"19-6360","/storage/btbgenie/mbovis_ireland/Monaghan/Fastqs_16-12-19/19-6360_S75_L001-4_R1_001.fastq.gz",1,"SB0140",1.10110100000111E+042
"19-4235","/storage/btbgenie/mbovis_ireland/Monaghan/Fastqs_16-12-19/19-4235_S10_L001-4_R1_001.fastq.gz",1,"SB0142",1.10110100000111E+042
"19-3989","/storage/btbgenie/mbovis_ireland/Monaghan/Fastqs_16-12-19/19-3989_S39_L001-4_R1_001.fastq.gz",1,"SB0142",1.10110100000111E+042
"19-6107","/storage/btbgenie/mbovis_ireland/Monaghan/Fastqs_16-12-19/19-6107_S79_L001-4_R1_001.fastq.gz",1,"SB0142",1.10110100000111E+042
"19-6108","/storage/btbgenie/mbovis_ireland/Monaghan/Fastqs_16-12-19/19-6108_S62_L001-4_R1_001.fastq.gz",1,"SB0980",1.10110100000011E+042
"19-6276","/storage/btbgenie/mbovis_ireland/Monaghan/Fastqs_16-12-19/19-6276_S18_L001-4_R2_001.fastq.gz",1,,1.10110100000101E+042
"19-5969","/storage/btbgenie/mbovis_ireland/Monaghan/Fastqs_16-12-19/19-5969_S70_L001-4_R1_001.fastq.gz",1,"SB0140",1.10110100000111E+042
"19-2600","/storage/btbgenie/mbovis_ireland/Monaghan/Fastqs_16-12-19/19-2600_S61_L001-4_R2_001.fastq.gz",1,"SB0142",1.10110100000111E+042
"19-2919","/storage/btbgenie/mbovis_ireland/Monaghan/Fastqs_16-12-19/19-2919_S25_L001-4_R2_001.fastq.gz",1,"SB0140",1.10110100000111E+042
"19-5663","/storage/btbgenie/mbovis_ireland/Monaghan/Fastqs_16-12-19/19-5663_S69_L001-4_R2_001.fastq.gz",1,"SB0142",1.10110100000111E+042
"19-3370","/storage/btbgenie/mbovis_ireland/Monaghan/Fastqs_16-12-19/19-3370_S54_L001-4_R2_001.fastq.gz",1,"SB0980",1.10110100000011E+042
"19-1942","/storage/btbgenie/mbovis_ireland/Monaghan/Fastqs_16-12-19/19-1942_S86_L001-4_R2_001.fastq.gz",1,"SB0142",1.10110100000111E+042
"19-7577","/storage/btbgenie/mbovis_ireland/Monaghan/Fastqs_16-12-19/19-7577_S72_L001-4_R1_001.fastq.gz",1,"SB0980",1.10110100000011E+042
"19-4281","/storage/btbgenie/mbovis_ireland/Monaghan/Fastqs_16-12-19/19-4281_S77_L001-4_R2_001.fastq.gz",1,"SB0146",1.10111110101111E+042
"19-2376","/storage/btbgenie/mbovis_ireland/Monaghan/Fastqs_16-12-19/19-2376_S12_L001-4_R2_001.fastq.gz",1,"SB0140",1.10110100000111E+042
"19-7209","/storage/btbgenie/mbovis_ireland/Monaghan/Fastqs_16-12-19/19-7209_S13_L001-4_R1_001.fastq.gz",1,"SB0140",1.10110100000111E+042
"19-2597","/storage/btbgenie/mbovis_ireland/Monaghan/Fastqs_16-12-19/19-2597_S5_L001-4_R1_001.fastq.gz",1,"SB0140",1.10110100000111E+042
"19-1958","/storage/btbgenie/mbovis_ireland/Monaghan/Fastqs_16-12-19/19-1958_S33_L001-4_R1_001.fastq.gz",1,"SB0142",1.10110100000111E+042
"19-7190","/storage/btbgenie/mbovis_ireland/Monaghan/Fastqs_16-12-19/19-7190_S21_L001-4_R2_001.fastq.gz",1,"SB0142",1.10110100000111E+042
"19-7433","/storage/btbgenie/mbovis_ireland/Monaghan/Fastqs_16-12-19/19-7433_S84_L001-4_R1_001.fastq.gz",1,"SB0140",1.10110100000111E+042
"19-65","/storage/btbgenie/mbovis_ireland/Monaghan/Fastqs_16-12-19/19-65_S93_L001-4_R2_001.fastq.gz",1,"SB0140",1.10110100000111E+042
"19-598","/storage/btbgenie/mbovis_ireland/Monaghan/Fastqs_16-12-19/19-598_S95_L001-4_R1_001.fastq.gz",1,"SB0140",1.10110100000111E+042
"19-6793","/storage/btbgenie/mbovis_ireland/Monaghan/Fastqs_16-12-19/19-6793_S6_L001-4_R1_001.fastq.gz",1,"SB0980",1.10110100000011E+042
"19-5162","/storage/btbgenie/mbovis_ireland/Monaghan/Fastqs_16-12-19/19-5162_S16_L001-4_R1_001.fastq.gz",1,"SB0980",1.10110100000011E+042
"19-4165","/storage/btbgenie/mbovis_ireland/Monaghan/Fastqs_16-12-19/19-4165_S20_L001-4_R2_001.fastq.gz",1,"SB0142",1.10110100000111E+042
"19-3761","/storage/btbgenie/mbovis_ireland/Monaghan/Fastqs_16-12-19/19-3761_S78_L001-4_R2_001.fastq.gz",1,"SB0140",1.10110100000111E+042
"19-3990","/storage/btbgenie/mbovis_ireland/Monaghan/Fastqs_16-12-19/19-3990_S23_L001-4_R1_001.fastq.gz",1,"SB0142",1.10110100000111E+042
"19-7404","/storage/btbgenie/mbovis_ireland/Monaghan/Fastqs_16-12-19/19-7404_S51_L001-4_R1_001.fastq.gz",1,"SB0142",1.10110100000111E+042
"19-7405","/storage/btbgenie/mbovis_ireland/Monaghan/Fastqs_16-12-19/19-7405_S50_L001-4_R2_001.fastq.gz",1,"SB0142",1.10110100000111E+042
"19-1629","/storage/btbgenie/mbovis_ireland/Monaghan/Fastqs_16-12-19/19-1629_S19_L001-4_R1_001.fastq.gz",1,"SB0140",1.10110100000111E+042
"19-5155","/storage/btbgenie/mbovis_ireland/Monaghan/Fastqs_16-12-19/19-5155_S11_L001-4_R2_001.fastq.gz",1,"SB0978",1.10110100000111E+042
"19-5777","/storage/btbgenie/mbovis_ireland/Monaghan/Fastqs_16-12-19/19-5777_S17_L001-4_R2_001.fastq.gz",1,"SB0140",1.10110100000111E+042
"19-2786","/storage/btbgenie/mbovis_ireland/Monaghan/Fastqs_16-12-19/19-2786_S55_L001-4_R2_001.fastq.gz",1,"SB0142",1.10110100000111E+042
"19-3366","/storage/btbgenie/mbovis_ireland/Monaghan/Fastqs_16-12-19/19-3366_S92_L001-4_R1_001.fastq.gz",1,"SB0140",1.10110100000111E+042
"19-6277","/storage/btbgenie/mbovis_ireland/Monaghan/Fastqs_16-12-19/19-6277_S32_L001-4_R1_001.fastq.gz",1,"SB0140",1.10110100000111E+042
"19-8206","/storage/btbgenie/mbovis_ireland/Monaghan/Fastqs_16-12-19/19-8206_S4_L001-4_R1_001.fastq.gz",1,"SB0142",1.10110100000111E+042
"19-7323","/storage/btbgenie/mbovis_ireland/Monaghan/Fastqs_16-12-19/19-7323_S46_L001-4_R2_001.fastq.gz",1,"SB0140",1.10110100000111E+042
"19-6357","/storage/btbgenie/mbovis_ireland/Monaghan/Fastqs_16-12-19/19-6357_S53_L001-4_R1_001.fastq.gz",1,"SB0142",1.10110100000111E+042
"19-7464","/storage/btbgenie/mbovis_ireland/Monaghan/Fastqs_16-12-19/19-7464_S2_L001-4_R2_001.fastq.gz",1,"SB0142",1.10110100000111E+042
"19-6656","/storage/btbgenie/mbovis_ireland/Monaghan/Fastqs_16-12-19/19-6656_S44_L001-4_R1_001.fastq.gz",1,"SB0142",1.10110100000111E+042
"19-1603","/storage/btbgenie/mbovis_ireland/Monaghan/Fastqs_16-12-19/19-1603_S85_L001-4_R2_001.fastq.gz",1,"SB0140",1.10110100000111E+042
"19-7328","/storage/btbgenie/mbovis_ireland/Monaghan/Fastqs_16-12-19/19-7328_S7_L001-4_R2_001.fastq.gz",1,"SB0140",1.10110100000111E+042
"19-1465","/storage/btbgenie/mbovis_ireland/Monaghan/Fastqs_16-12-19/19-1465_S94_L001-4_R1_001.fastq.gz",1,"SB0142",1.10110100000111E+042
"19-6796","/storage/btbgenie/mbovis_ireland/Monaghan/Fastqs_16-12-19/19-6796_S34_L001-4_R2_001.fastq.gz",1,"SB0142",1.10110100000111E+042
"19-2586","/storage/btbgenie/mbovis_ireland/Monaghan/Fastqs_16-12-19/19-2586_S24_L001-4_R1_001.fastq.gz",1,"SB0140",1.10110100000111E+042
"19-2438","/storage/btbgenie/mbovis_ireland/Monaghan/Fastqs_16-12-19/19-2438_S42_L001-4_R2_001.fastq.gz",1,"SB0145",1.10100000000001E+042
"19-4938","/storage/btbgenie/mbovis_ireland/Monaghan/Fastqs_16-12-19/19-4938_S30_L001-4_R1_001.fastq.gz",1,"SB0140",1.10110100000111E+042
"19-2613","/storage/btbgenie/mbovis_ireland/Monaghan/Fastqs_16-12-19/19-2613_S91_L001-4_R1_001.fastq.gz",1,"SB0140",1.10110100000111E+042
"19-1690","/storage/btbgenie/mbovis_ireland/Monaghan/Fastqs_16-12-19/19-1690_S63_L001-4_R1_001.fastq.gz",1,"SB0142",1.10110100000111E+042
"19-4167","/storage/btbgenie/mbovis_ireland/Monaghan/Fastqs_16-12-19/19-4167_S3_L001-4_R2_001.fastq.gz",1,"SB0140",1.10110100000111E+042
"19-4240","/storage/btbgenie/mbovis_ireland/Monaghan/Fastqs_16-12-19/19-4240_S80_L001-4_R1_001.fastq.gz",1,"SB0142",1.10110100000111E+042
"19-1230","/storage/btbgenie/mbovis_ireland/Monaghan/Fastqs_16-12-19/19-1230_S81_L001-4_R2_001.fastq.gz",1,"SB0142",1.10110100000111E+042
"19-5222","/storage/btbgenie/mbovis_ireland/Monaghan/Fastqs_16-12-19/19-5222_S52_L001-4_R1_001.fastq.gz",1,"SB0142",1.10110100000111E+042
"19-1426","/storage/btbgenie/mbovis_ireland/Monaghan/Fastqs_16-12-19/19-1426_S56_L001-4_R1_001.fastq.gz",1,"SB0142",1.10110100000111E+042
"19-2730","/storage/btbgenie/mbovis_ireland/Monaghan/Fastqs_16-12-19/19-2730_S26_L001-4_R2_001.fastq.gz",1,"SB0142",1.10110100000111E+042
"19-6468","/storage/btbgenie/mbovis_ireland/Monaghan/Fastqs_16-12-19/19-6468_S67_L001-4_R1_001.fastq.gz",1,"SB0142",1.10110100000111E+042
"19-4872","/storage/btbgenie/mbovis_ireland/Monaghan/Fastqs_16-12-19/19-4872_S83_L001-4_R2_001.fastq.gz",1,"SB0142",1.10110100000111E+042
"19-4803","/storage/btbgenie/mbovis_ireland/Monaghan/Fastqs_16-12-19/19-4803_S31_L001-4_R1_001.fastq.gz",1,"SB0980",1.10110100000011E+042
"19-7348","/storage/btbgenie/mbovis_ireland/Monaghan/Fastqs_16-12-19/19-7348_S43_L001-4_R2_001.fastq.gz",1,"SB0980",1.10110100000011E+042
"19-6908","/storage/btbgenie/mbovis_ireland/Monaghan/Fastqs_16-12-19/19-6908_S9_L001-4_R2_001.fastq.gz",1,"SB0140",1.10110100000111E+042
"19-6784","/storage/btbgenie/mbovis_ireland/Monaghan/Fastqs_16-12-19/19-6784_S87_L001-4_R2_001.fastq.gz",1,"SB0140",1.10110100000111E+042
"19-3752","/storage/btbgenie/mbovis_ireland/Monaghan/Fastqs_16-12-19/19-3752_S41_L001-4_R2_001.fastq.gz",1,"SB0142",1.10110100000111E+042
"19-5221","/storage/btbgenie/mbovis_ireland/Monaghan/Fastqs_16-12-19/19-5221_S90_L001-4_R1_001.fastq.gz",1,"SB0142",1.10110100000111E+042
"19-1601","/storage/btbgenie/mbovis_ireland/Monaghan/Fastqs_16-12-19/19-1601_S28_L001-4_R1_001.fastq.gz",1,"SB0142",1.10110100000111E+042
"19-6317","/storage/btbgenie/mbovis_ireland/Monaghan/Fastqs_16-12-19/19-6317_S60_L001-4_R2_001.fastq.gz",1,"SB0142",1.10110100000111E+042
"19-1428","/storage/btbgenie/mbovis_ireland/Monaghan/Fastqs_16-12-19/19-1428_S57_L001-4_R1_001.fastq.gz",1,"SB0980",1.10110100000011E+042
4792,"/storage/btbgenie/mbovis_ireland/Monaghan/Fastqs_24-09-19/4792_S11_L001-4_R2_001.fastq.gz",1,"SB0142",1.10110100000111E+042
2975,"/storage/btbgenie/mbovis_ireland/Monaghan/Fastqs_24-09-19/2975_S40_L001-4_R2_001.fastq.gz",1,"SB0142",1.10110100000111E+042
3582,"/storage/btbgenie/mbovis_ireland/Monaghan/Fastqs_24-09-19/3582_S64_L001-4_R2_001.fastq.gz",1,"SB0142",1.10110100000111E+042
2608,"/storage/btbgenie/mbovis_ireland/Monaghan/Fastqs_24-09-19/2608_S36_L001-4_R2_001.fastq.gz",1,"SB0142",1.10110100000111E+042
4960,"/storage/btbgenie/mbovis_ireland/Monaghan/Fastqs_24-09-19/4960_S92_L001-4_R2_001.fastq.gz",1,"SB0140",1.10110100000111E+042
2976,"/storage/btbgenie/mbovis_ireland/Monaghan/Fastqs_24-09-19/2976_S95_L001-4_R2_001.fastq.gz",1,"SB0142",1.10110100000111E+042
3496,"/storage/btbgenie/mbovis_ireland/Monaghan/Fastqs_24-09-19/3496_S83_L001-4_R2_001.fastq.gz",1,"SB0980",1.10110100000011E+042
5572,"/storage/btbgenie/mbovis_ireland/Monaghan/Fastqs_24-09-19/5572_S18_L001-4_R2_001.fastq.gz",1,"SB0140",1.10110100000111E+042
3413,"/storage/btbgenie/mbovis_ireland/Monaghan/Fastqs_24-09-19/3413_S37_L001-4_R1_001.fastq.gz",1,"SB0142",1.10110100000111E+042
4794,"/storage/btbgenie/mbovis_ireland/Monaghan/Fastqs_24-09-19/4794_S73_L001-4_R1_001.fastq.gz",1,"SB0140",1.10110100000111E+042
3091,"/storage/btbgenie/mbovis_ireland/Monaghan/Fastqs_24-09-19/3091_S38_L001-4_R1_001.fastq.gz",1,"SB0140",1.10110100000111E+042
4947,"/storage/btbgenie/mbovis_ireland/Monaghan/Fastqs_24-09-19/4947_S15_L001-4_R2_001.fastq.gz",1,"SB0140",1.10110100000111E+042
2977,"/storage/btbgenie/mbovis_ireland/Monaghan/Fastqs_24-09-19/2977_S22_L001-4_R2_001.fastq.gz",1,"SB0142",1.10110100000111E+042
4973,"/storage/btbgenie/mbovis_ireland/Monaghan/Fastqs_24-09-19/4973_S49_L001-4_R2_001.fastq.gz",1,"SB0142",1.10110100000111E+042
5158,"/storage/btbgenie/mbovis_ireland/Monaghan/Fastqs_24-09-19/5158_S28_L001-4_R2_001.fastq.gz",1,"SB0142",1.10110100000111E+042
5220,"/storage/btbgenie/mbovis_ireland/Monaghan/Fastqs_24-09-19/5220_S44_L001-4_R1_001.fastq.gz",1,"SB0140",1.10110100000111E+042
4948,"/storage/btbgenie/mbovis_ireland/Monaghan/Fastqs_24-09-19/4948_S8_L001-4_R2_001.fastq.gz",1,,1.10110100000011E+042
2602,"/storage/btbgenie/mbovis_ireland/Monaghan/Fastqs_24-09-19/2602_S74_L001-4_R2_001.fastq.gz",1,"SB0980",1.10110100000011E+042
3738,"/storage/btbgenie/mbovis_ireland/Monaghan/Fastqs_24-09-19/3738_S61_L001-4_R2_001.fastq.gz",1,"SB0140",1.10110100000111E+042
3261,"/storage/btbgenie/mbovis_ireland/Monaghan/Fastqs_24-09-19/3261_S50_L001-4_R1_001.fastq.gz",1,"SB0140",1.10110100000111E+042
3825,"/storage/btbgenie/mbovis_ireland/Monaghan/Fastqs_24-09-19/3825_S62_L001-4_R2_001.fastq.gz",1,"SB0140",1.10110100000111E+042
3480,"/storage/btbgenie/mbovis_ireland/Monaghan/Fastqs_24-09-19/3480_S12_L001-4_R2_001.fastq.gz",1,"SB0142",1.10110100000111E+042
2606,"/storage/btbgenie/mbovis_ireland/Monaghan/Fastqs_24-09-19/2606_S51_L001-4_R2_001.fastq.gz",1,"SB0142",1.10110100000111E+042
3762,"/storage/btbgenie/mbovis_ireland/Monaghan/Fastqs_24-09-19/3762_S84_L001-4_R1_001.fastq.gz",1,"SB0980",1.10110100000011E+042
1689,"/storage/btbgenie/mbovis_ireland/Monaghan/Fastqs_24-09-19/1689_S72_L001-4_R1_001.fastq.gz",1,"SB0975",1.101E+042
4946,"/storage/btbgenie/mbovis_ireland/Monaghan/Fastqs_24-09-19/4946_S30_L001-4_R1_001.fastq.gz",1,"SB0140",1.10110100000111E+042
2611,"/storage/btbgenie/mbovis_ireland/Monaghan/Fastqs_24-09-19/2611_S19_L001-4_R2_001.fastq.gz",1,"SB0142",1.10110100000111E+042
4961,"/storage/btbgenie/mbovis_ireland/Monaghan/Fastqs_24-09-19/4961_S90_L001-4_R1_001.fastq.gz",1,"SB0142",1.10110100000111E+042
3377,"/storage/btbgenie/mbovis_ireland/Monaghan/Fastqs_24-09-19/3377_S65_L001-4_R2_001.fastq.gz",1,"SB0140",1.10110100000111E+042
4798,"/storage/btbgenie/mbovis_ireland/Monaghan/Fastqs_24-09-19/4798_S58_L001-4_R2_001.fastq.gz",1,"SB0140",1.10110100000111E+042
3090,"/storage/btbgenie/mbovis_ireland/Monaghan/Fastqs_24-09-19/3090_S39_L001-4_R1_001.fastq.gz",1,"SB0140",1.10110100000111E+042
1953,"/storage/btbgenie/mbovis_ireland/Monaghan/Fastqs_24-09-19/1953_S21_L001-4_R2_001.fastq.gz",1,"SB0142",1.10110100000111E+042
4945,"/storage/btbgenie/mbovis_ireland/Monaghan/Fastqs_24-09-19/4945_S75_L001-4_R2_001.fastq.gz",1,"SB0980",1.10110100000011E+042
3266,"/storage/btbgenie/mbovis_ireland/Monaghan/Fastqs_24-09-19/3266_S59_L001-4_R2_001.fastq.gz",1,"SB0140",1.10110100000111E+042
3495,"/storage/btbgenie/mbovis_ireland/Monaghan/Fastqs_24-09-19/3495_S76_L001-4_R2_001.fastq.gz",1,"SB0142",1.10110100000111E+042
2739,"/storage/btbgenie/mbovis_ireland/Monaghan/Fastqs_24-09-19/2739_S45_L001-4_R2_001.fastq.gz",1,"SB0140",1.10110100000111E+042
3747,"/storage/btbgenie/mbovis_ireland/Monaghan/Fastqs_24-09-19/3747_S48_L001-4_R1_001.fastq.gz",1,"SB0140",1.10110100000111E+042
3437,"/storage/btbgenie/mbovis_ireland/Monaghan/Fastqs_24-09-19/3437_S43_L001-4_R2_001.fastq.gz",1,"SB0142",1.10110100000111E+042
4238,"/storage/btbgenie/mbovis_ireland/Monaghan/Fastqs_24-09-19/4238_S9_L001-4_R2_001.fastq.gz",1,"SB0142",1.10110100000111E+042
3497,"/storage/btbgenie/mbovis_ireland/Monaghan/Fastqs_24-09-19/3497_S94_L001-4_R1_001.fastq.gz",1,"SB0142",1.10110100000111E+042
2014,"/storage/btbgenie/mbovis_ireland/Monaghan/Fastqs_24-09-19/2014_S14_L001-4_R1_001.fastq.gz",1,"SB0140",1.10110100000111E+042
3263,"/storage/btbgenie/mbovis_ireland/Monaghan/Fastqs_24-09-19/3263_S31_L001-4_R1_001.fastq.gz",1,"SB0140",1.10110100000111E+042
3260,"/storage/btbgenie/mbovis_ireland/Monaghan/Fastqs_24-09-19/3260_S60_L001-4_R1_001.fastq.gz",1,"SB0140",1.10110100000111E+042
3958,"/storage/btbgenie/mbovis_ireland/Monaghan/Fastqs_24-09-19/3958_S20_L001-4_R2_001.fastq.gz",1,"SB0142",1.10110100000111E+042
1034,"/storage/btbgenie/mbovis_ireland/Monaghan/Fastqs_24-09-19/1034_S91_L001-4_R1_001.fastq.gz",1,"SB0054",1.10010100000111E+042
4789,"/storage/btbgenie/mbovis_ireland/Monaghan/Fastqs_24-09-19/4789_S93_L001-4_R1_001.fastq.gz",1,"SB0142",1.10110100000111E+042
4941,"/storage/btbgenie/mbovis_ireland/Monaghan/Fastqs_24-09-19/4941_S63_L001-4_R1_001.fastq.gz",1,"SB0140",1.10110100000111E+042
2401,"/storage/btbgenie/mbovis_ireland/Monaghan/Fastqs_29-07-19/2401_S48_L001-4_R1_001.fastq.gz",1,"SB0142",1.10110100000111E+042
1468,"/storage/btbgenie/mbovis_ireland/Monaghan/Fastqs_29-07-19/1468_S55_L001-4_R2_001.fastq.gz",1,"SB0140",1.10110100000111E+042
461,"/storage/btbgenie/mbovis_ireland/Monaghan/Fastqs_29-07-19/461_S90_L001-4_R1_001.fastq.gz",1,"SB0129",1.10111110100111E+042
1429,"/storage/btbgenie/mbovis_ireland/Monaghan/Fastqs_29-07-19/1429_S69_L001-4_R2_001.fastq.gz",1,"SB0142",1.10110100000111E+042
2410,"/storage/btbgenie/mbovis_ireland/Monaghan/Fastqs_29-07-19/2410_S42_L001-4_R2_001.fastq.gz",1,"SB0140",1.10110100000111E+042
2703,"/storage/btbgenie/mbovis_ireland/Monaghan/Fastqs_29-07-19/2703_S94_L001-4_R1_001.fastq.gz",1,"SB0140",1.10110100000111E+042
356,"/storage/btbgenie/mbovis_ireland/Monaghan/Fastqs_29-07-19/356_S26_L001-4_R1_001.fastq.gz",1,"SB0140",1.10110100000111E+042
"459p","/storage/btbgenie/mbovis_ireland/Monaghan/Fastqs_29-07-19/459p_S73_L001-4_R2_001.fastq.gz",1,"SB0142",1.10110100000111E+042
548,"/storage/btbgenie/mbovis_ireland/Monaghan/Fastqs_29-07-19/548_S25_L001-4_R2_001.fastq.gz",1,"SB0140",1.10110100000111E+042
2385,"/storage/btbgenie/mbovis_ireland/Monaghan/Fastqs_29-07-19/2385_S20_L001-4_R2_001.fastq.gz",1,"SB0140",1.10110100000111E+042
1579,"/storage/btbgenie/mbovis_ireland/Monaghan/Fastqs_29-07-19/1579_S5_L001-4_R1_001.fastq.gz",1,,1.10010100000111E+042
2395,"/storage/btbgenie/mbovis_ireland/Monaghan/Fastqs_29-07-19/2395_S13_L001-4_R2_001.fastq.gz",1,"SB0140",1.10110100000111E+042
717,"/storage/btbgenie/mbovis_ireland/Monaghan/Fastqs_29-07-19/717_S28_L001-4_R1_001.fastq.gz",1,"SB0142",1.10110100000111E+042
"362p","/storage/btbgenie/mbovis_ireland/Monaghan/Fastqs_29-07-19/362p_S18_L001-4_R2_001.fastq.gz",1,"SB0142",1.10110100000111E+042
183,"/storage/btbgenie/mbovis_ireland/Monaghan/Fastqs_29-07-19/183_S31_L001-4_R2_001.fastq.gz",1,"SB0140",1.10110100000111E+042
2809,"/storage/btbgenie/mbovis_ireland/Monaghan/Fastqs_29-07-19/2809_S61_L001-4_R2_001.fastq.gz",1,"SB0140",1.10110100000111E+042
1771,"/storage/btbgenie/mbovis_ireland/Monaghan/Fastqs_29-07-19/1771_S72_L001-4_R1_001.fastq.gz",1,"SB0140",1.10110100000111E+042
1212,"/storage/btbgenie/mbovis_ireland/Monaghan/Fastqs_29-07-19/1212_S58_L001-4_R1_001.fastq.gz",1,"SB0140",1.10110100000111E+042
2411,"/storage/btbgenie/mbovis_ireland/Monaghan/Fastqs_29-07-19/2411_S11_L001-4_R2_001.fastq.gz",1,"SB0140",1.10110100000111E+042
343,"/storage/btbgenie/mbovis_ireland/Monaghan/Fastqs_29-07-19/343_S87_L001-4_R2_001.fastq.gz",1,"SB0142",1.10110100000111E+042
2347,"/storage/btbgenie/mbovis_ireland/Monaghan/Fastqs_29-07-19/2347_S10_L001-4_R2_001.fastq.gz",1,"SB0142",1.10110100000111E+042
529,"/storage/btbgenie/mbovis_ireland/Monaghan/Fastqs_29-07-19/529_S39_L001-4_R1_001.fastq.gz",1,"SB0140",1.10110100000111E+042
1147,"/storage/btbgenie/mbovis_ireland/Monaghan/Fastqs_29-07-19/1147_S91_L001-4_R2_001.fastq.gz",1,"SB0142",1.10110100000111E+042
1829,"/storage/btbgenie/mbovis_ireland/Monaghan/Fastqs_29-07-19/1829_S70_L001-4_R1_001.fastq.gz",1,"SB0140",1.10110100000111E+042
2591,"/storage/btbgenie/mbovis_ireland/Monaghan/Fastqs_29-07-19/2591_S49_L001-4_R1_001.fastq.gz",1,"SB0140",1.10110100000111E+042
2388,"/storage/btbgenie/mbovis_ireland/Monaghan/Fastqs_29-07-19/2388_S54_L001-4_R2_001.fastq.gz",1,"SB0140",1.10110100000111E+042
2397,"/storage/btbgenie/mbovis_ireland/Monaghan/Fastqs_29-07-19/2397_S93_L001-4_R1_001.fastq.gz",1,"SB0140",1.10110100000111E+042
2980,"/storage/btbgenie/mbovis_ireland/Monaghan/Fastqs_29-07-19/2980_S36_L001-4_R1_001.fastq.gz",1,"SB0140",1.10110100000111E+042
"2423p","/storage/btbgenie/mbovis_ireland/Monaghan/Fastqs_29-07-19/2423p_S29_L001-4_R1_001.fastq.gz",1,"SB0142",1.10110100000111E+042
1418,"/storage/btbgenie/mbovis_ireland/Monaghan/Fastqs_29-07-19/1418_S35_L001-4_R1_001.fastq.gz",1,"SB0140",1.10110100000111E+042
1143,"/storage/btbgenie/mbovis_ireland/Monaghan/Fastqs_29-07-19/1143_S21_L001-4_R1_001.fastq.gz",1,"SB0142",1.10110100000111E+042
192,"/storage/btbgenie/mbovis_ireland/Monaghan/Fastqs_29-07-19/192_S92_L001-4_R2_001.fastq.gz",1,"SB0142",1.10110100000111E+042
2266,"/storage/btbgenie/mbovis_ireland/Monaghan/Fastqs_29-07-19/2266_S22_L001-4_R2_001.fastq.gz",1,"SB0140",1.10110100000111E+042
"724p","/storage/btbgenie/mbovis_ireland/Monaghan/Fastqs_29-07-19/724p_S44_L001-4_R1_001.fastq.gz",1,"SB0140",1.10110100000111E+042
"2114p","/storage/btbgenie/mbovis_ireland/Monaghan/Fastqs_29-07-19/2114p_S77_L001-4_R2_001.fastq.gz",1,"SB0140",1.10110100000111E+042
2061,"/storage/btbgenie/mbovis_ireland/Monaghan/Fastqs_29-07-19/2061_S59_L001-4_R2_001.fastq.gz",1,"SB0140",1.10110100000111E+042
2018,"/storage/btbgenie/mbovis_ireland/Monaghan/Fastqs_29-07-19/2018_S27_L001-4_R2_001.fastq.gz",1,"SB0140",1.10110100000111E+042
1477,"/storage/btbgenie/mbovis_ireland/Monaghan/Fastqs_29-07-19/1477_S81_L001-4_R2_001.fastq.gz",1,"SB0142",1.10110100000111E+042
1414,"/storage/btbgenie/mbovis_ireland/Monaghan/Fastqs_29-07-19/1414_S12_L001-4_R2_001.fastq.gz",1,"SB0142",1.10110100000111E+042
973,"/storage/btbgenie/mbovis_ireland/Monaghan/Fastqs_29-07-19/973_S53_L001-4_R1_001.fastq.gz",1,"SB0140",1.10110100000111E+042
1585,"/storage/btbgenie/mbovis_ireland/Monaghan/Fastqs_29-07-19/1585_S6_L001-4_R1_001.fastq.gz",1,"SB0142",1.10110100000111E+042
1768,"/storage/btbgenie/mbovis_ireland/Monaghan/Fastqs_29-07-19/1768_S24_L001-4_R2_001.fastq.gz",1,"SB0140",1.10110100000111E+042
365,"/storage/btbgenie/mbovis_ireland/Monaghan/Fastqs_29-07-19/365_S86_L001-4_R2_001.fastq.gz",1,"SB0140",1.10110100000111E+042
"ERR125601","/storage/btbgenie/mbovis_ireland/NI/ERR125601_1.fastq.gz",1,"SB0140",1.10110100000111E+042
"ERR125602","/storage/btbgenie/mbovis_ireland/NI/ERR125602_2.fastq.gz",1,"SB0140",1.10110100000111E+042
"ERR125614","/storage/btbgenie/mbovis_ireland/NI/ERR125614_1.fastq.gz",1,"SB0140",1.10110100000111E+042
"ERR125624","/storage/btbgenie/mbovis_ireland/NI/ERR125624_2.fastq.gz",1,"SB0140",1.10110100000111E+042
"ERR125611","/storage/btbgenie/mbovis_ireland/NI/ERR125611_2.fastq.gz",1,"SB0140",1.10110100000111E+042
"ERR125621","/storage/btbgenie/mbovis_ireland/NI/ERR125621_2.fastq.gz",1,"SB0140",1.10110100000111E+042
"ERR125616","/storage/btbgenie/mbovis_ireland/NI/ERR125616_2.fastq.gz",1,"SB0140",1.10110100000111E+042
"ERR125599","/storage/btbgenie/mbovis_ireland/NI/ERR125599_2.fastq.gz",1,"SB0140",1.10110100000111E+042
"ERR125626","/storage/btbgenie/mbovis_ireland/NI/ERR125626_2.fastq.gz",1,"SB0140",1.10110100000111E+042
"ERR125618","/storage/btbgenie/mbovis_ireland/NI/ERR125618_1.fastq.gz",1,"SB0140",1.10110100000111E+042
"ERR125609","/storage/btbgenie/mbovis_ireland/NI/ERR125609_2.fastq.gz",1,"SB0140",1.10110100000111E+042
"ERR125610","/storage/btbgenie/mbovis_ireland/NI/ERR125610_1.fastq.gz",1,"SB0140",1.10110100000111E+042
"ERR125605","/storage/btbgenie/mbovis_ireland/NI/ERR125605_2.fastq.gz",1,"SB0140",1.10110100000111E+042
"ERR125622","/storage/btbgenie/mbovis_ireland/NI/ERR125622_1.fastq.gz",1,"SB0140",1.10110100000111E+042
"ERR125607","/storage/btbgenie/mbovis_ireland/NI/ERR125607_1.fastq.gz",1,"SB0140",1.10110100000111E+042
"ERR125613","/storage/btbgenie/mbovis_ireland/NI/ERR125613_2.fastq.gz",1,"SB0140",1.10110100000111E+042
"ERR125627","/storage/btbgenie/mbovis_ireland/NI/ERR125627_1.fastq.gz",1,"SB0140",1.10110100000111E+042
"ERR125623","/storage/btbgenie/mbovis_ireland/NI/ERR125623_2.fastq.gz",1,"SB0140",1.10110100000111E+042
"ERR125608","/storage/btbgenie/mbovis_ireland/NI/ERR125608_1.fastq.gz",1,"SB0140",1.10110100000111E+042
"ERR125628","/storage/btbgenie/mbovis_ireland/NI/ERR125628_2.fastq.gz",1,"SB0140",1.10110100000111E+042
"ERR125612","/storage/btbgenie/mbovis_ireland/NI/ERR125612_1.fastq.gz",1,"SB0140",1.10110100000111E+042
"ERR125603","/storage/btbgenie/mbovis_ireland/NI/ERR125603_1.fastq.gz",1,"SB0140",1.10110100000111E+042
"ERR125604","/storage/btbgenie/mbovis_ireland/NI/ERR125604_2.fastq.gz",1,"SB0140",1.10110100000111E+042
"ERR125625","/storage/btbgenie/mbovis_ireland/NI/ERR125625_2.fastq.gz",1,"SB0140",1.10110100000111E+042
"ERR125598","/storage/btbgenie/mbovis_ireland/NI/ERR125598_2.fastq.gz",1,"SB0140",1.10110100000111E+042
"ERR125619","/storage/btbgenie/mbovis_ireland/NI/ERR125619_2.fastq.gz",1,"SB0140",1.10110100000111E+042
"ERR125620","/storage/btbgenie/mbovis_ireland/NI/ERR125620_1.fastq.gz",1,"SB0140",1.10110100000111E+042
"ERR125617","/storage/btbgenie/mbovis_ireland/NI/ERR125617_2.fastq.gz",1,"SB0140",1.10110100000111E+042
"ERR125615","/storage/btbgenie/mbovis_ireland/NI/ERR125615_2.fastq.gz",1,"SB0140",1.10110100000111E+042
"ERR125600","/storage/btbgenie/mbovis_ireland/NI/ERR125600_1.fastq.gz",1,"SB0140",1.10110100000111E+042
"ERR125606","/storage/btbgenie/mbovis_ireland/NI/ERR125606_1.fastq.gz",1,"SB0140",1.10110100000111E+042
